<?xml version="1.0" encoding="UTF-8"?>
<metadata>
  <identifier>NILicenseActivator1.2</identifier>
  <mediatype>texts</mediatype>
  <collection>opensource_media</collection>
  <description>NI Circuit Design activator&lt;br /&gt;</description>
  <scanner>Internet Archive HTML5 Uploader 1.6.3</scanner>
  <subject>adjsbvdj</subject>
  <title>NI License Activator 1.2</title>
  <publicdate>2017-12-27 15:59:01</publicdate>
  <uploader>danish21.di@gmail.com</uploader>
  <addeddate>2017-12-27 15:59:01</addeddate>
  <curation>[curator]validator@archive.org[/curator][date]20171227155927[/date][comment]checked for malware[/comment]</curation>
  <language>English</language>
  <identifier-access>http://archive.org/details/NILicenseActivator1.2</identifier-access>
  <identifier-ark>ark:/13960/t2t503d9g</identifier-ark>
  <backup_location>ia906604_17</backup_location>
  <collection>community</collection>
</metadata>
