<?xml version="1.0" encoding="UTF-8"?>
<reviews itemIdentifier="NILicenseActivator1.2">
  <review>
    <reviewbody>Does it include NI LabVIEW Real-Time Deployment License for Desktop PCs?</reviewbody>
    <reviewtitle>Does it include NI LabVIEW Real-Time Deployment License for Desktop PCs?</reviewtitle>
    <reviewer>markus1900</reviewer>
    <reviewer_itemname>@markus1900</reviewer_itemname>
    <reviewdate>2019-01-05 12:21:20</reviewdate>
    <createdate>2019-01-05 12:21:20</createdate>
    <stars>0</stars>
  </review>
  <info>
    <num_reviews>1</num_reviews>
    <avg_rating>0.00</avg_rating>
  </info>
</reviews>
