<?xml version="1.0" encoding="UTF-8"?>
<files>
  <file name="NI License Activator 1.2.exe" source="original">
    <mtime>1514390340</mtime>
    <size>1529856</size>
    <md5>98af0f5efc8aa1e2b81db6eac5cbcaaa</md5>
    <crc32>d2ada9b0</crc32>
    <sha1>ee4b19a4f4f802acd404d5efdcd62699778b902f</sha1>
    <format>Windows Executable</format>
  </file>
  <file name="NILicenseActivator1.2_archive.torrent" source="metadata">
    <btih>6e259f18286f988cc9292665a7f8ba1c524fe1ff</btih>
    <mtime>1665091909</mtime>
    <size>1753</size>
    <md5>3a3c084769952f7b2c00c7f28dfe3513</md5>
    <crc32>e44a0ecf</crc32>
    <sha1>4bff229849753591167fe109a75f54c6a7a5a0a8</sha1>
    <format>Archive BitTorrent</format>
  </file>
  <file name="NILicenseActivator1.2_files.xml" source="original">
    <format>Metadata</format>
    <md5>c150cf1c968bfe85d4e6aef9e6a1ec6c</md5>
    <summation>md5</summation>
  </file>
  <file name="NILicenseActivator1.2_meta.sqlite" source="original">
    <mtime>1514390357</mtime>
    <size>9216</size>
    <md5>d400ae042757542143a6f622903aab15</md5>
    <crc32>087ea230</crc32>
    <sha1>ecb539dc601a867d7123fc14b6f66860084ae6f4</sha1>
    <format>Metadata</format>
  </file>
  <file name="NILicenseActivator1.2_meta.xml" source="original">
    <mtime>1613556574</mtime>
    <size>915</size>
    <format>Metadata</format>
    <md5>c4d0eb161ce913741b49d69e8225e3b6</md5>
    <crc32>12805d1a</crc32>
    <sha1>b3cc16c87762f0418f15a0ce25531326fb73cda1</sha1>
  </file>
  <file name="NILicenseActivator1.2_reviews.xml" source="original">
    <mtime>1665091907</mtime>
    <size>624</size>
    <format>Metadata</format>
    <md5>8f886d000185a300c226be0ab839a273</md5>
    <crc32>a79de192</crc32>
    <sha1>23518dd5159693c04e7f5915516510ed0de1d269</sha1>
  </file>
</files>
